0,50000.000000,1953,1180,0
1,50001.000000,1180,1953,0
2,50454.000000,1180,1946,0
3,50454.000000,1953,1946,0
4,50455.000000,1946,1180,0
5,50455.000000,1946,1953,0
6,50547.000000,1180,1075,0
7,50547.000000,1075,1180,0
8,50548.000000,1075,1953,0
9,50548.000000,1953,1075,0
10,50757.000000,1946,1182,0
11,50757.000000,1182,1946,0
12,50851.000000,1182,1075,0
13,50851.000000,1075,1182,0
14,50896.000000,1946,313,0
15,50896.000000,313,1946,0
16,50990.000000,1075,313,0
17,50990.000000,313,1075,0
18,50000.000000,1953,1180,1
19,50001.000000,1180,1953,1
20,50454.000000,1180,1946,1
21,50454.000000,1953,1946,1
22,50455.000000,1946,1180,1
23,50455.000000,1946,1953,1
24,50547.000000,1180,1075,1
25,50548.000000,1075,1953,1
26,50548.000000,1953,1075,1
27,50757.000000,1946,1182,1
28,50757.000000,1182,1946,1
29,50851.000000,1182,1075,1
30,50896.000000,1946,313,1
31,50990.000000,1075,313,1
32,50990.000000,313,1075,1
33,51058.000000,1075,2000,1
34,51058.000000,2000,1075,1
35,51080.000000,1182,879,0
36,51080.000000,879,1182,0
37,51114.000000,1180,882,0
38,51114.000000,882,1180,0
39,51114.000000,882,1953,0
40,51114.000000,1953,882,0
41,51175.000000,1180,1082,0
42,51175.000000,1082,1180,0
43,51175.000000,1082,1953,0
44,51175.000000,1953,1082,0
45,51218.000000,879,313,0
46,51218.000000,313,879,0
47,51287.000000,2000,879,1
48,51375.000000,882,217,0
49,51375.000000,217,882,0
50,51404.000000,882,1376,0
51,51405.000000,1376,882,0
52,51417.000000,1182,882,0
53,51417.000000,882,1182,0
54,51436.000000,1082,217,0
55,51436.000000,217,1082,0
56,51465.000000,1376,1082,0
57,51465.000000,1082,1376,0
58,51468.000000,882,311,0
59,51468.000000,311,882,0
60,51478.000000,1182,1082,0
61,51478.000000,1082,1182,0
62,51495.000000,313,1755,0
63,51496.000000,1755,313,0
64,51506.000000,1755,881,0
65,51506.000000,881,1755,0
66,51516.000000,879,794,0
67,51516.000000,794,879,0
68,51529.000000,1082,311,0
69,51529.000000,311,1082,0
70,51548.000000,1755,413,0
71,51548.000000,413,1755,0
72,51593.000000,217,603,0
73,51594.000000,603,217,0
74,51607.000000,217,1948,0
75,51608.000000,1948,217,0
76,51622.000000,1376,603,0
77,51622.000000,603,1376,0
78,51624.000000,2000,882,1
79,51629.000000,1755,883,0
80,51629.000000,883,1755,0
81,51635.000000,1182,603,0
82,51635.000000,603,1182,0
83,51636.000000,1948,1376,0
84,51636.000000,1376,1948,0
85,51636.000000,217,605,0
86,51637.000000,605,217,0
87,51649.000000,1948,1182,0
88,51649.000000,1182,1948,0
89,51665.000000,1376,605,0
90,51665.000000,605,1376,0
91,51678.000000,1182,605,0
92,51678.000000,605,1182,0
93,51685.000000,2000,1082,1
94,51686.000000,603,311,0
95,51686.000000,311,603,0
96,51700.000000,1948,311,0
97,51700.000000,311,1948,0
98,51729.000000,605,311,0
99,51729.000000,311,605,0
100,51750.000000,1082,883,0
101,51750.000000,883,1082,0
102,51754.000000,313,1554,0
103,51755.000000,1554,313,0
104,51765.000000,1554,881,0
105,51765.000000,881,1554,0
106,51783.000000,1755,602,0
107,51783.000000,602,1755,0
108,51794.000000,1182,708,0
109,51801.000000,708,1182,0
110,51803.000000,1755,415,0
111,51803.000000,415,1755,0
112,51807.000000,1554,413,0
113,51807.000000,413,1554,0
114,51842.000000,2000,603,1
115,51845.000000,708,311,0
116,51845.000000,311,708,0
117,51853.000000,882,794,0
118,51853.000000,794,882,0
119,51856.000000,2000,1948,1
120,51885.000000,2000,605,1
121,51888.000000,1554,883,0
122,51888.000000,883,1554,0
123,51914.000000,1082,794,0
124,51914.000000,794,1082,0
125,51951.000000,1755,116,0
126,51951.000000,116,1755,0
127,52001.000000,2000,708,1
128,52042.000000,1554,602,0
129,52042.000000,602,1554,0
130,52054.000000,1554,603,0
131,52054.000000,603,1554,0
132,52059.000000,794,602,0
133,52059.000000,602,794,0
134,52065.000000,603,602,0
135,52065.000000,602,603,0
136,52068.000000,1948,1554,0
137,52068.000000,1554,1948,0
138,52071.000000,794,603,0
139,52071.000000,603,794,0
140,52080.000000,794,415,0
141,52080.000000,415,794,0
142,52081.000000,603,415,0
143,52081.000000,415,603,0
144,52085.000000,1948,794,0
145,52085.000000,794,1948,0
146,52093.000000,1948,415,0
147,52093.000000,415,1948,0
148,52097.000000,1554,605,0
149,52097.000000,605,1554,0
150,52114.000000,794,605,0
151,52114.000000,605,794,0
152,52136.000000,882,317,0
153,52136.000000,317,882,0
154,52197.000000,1082,317,0
155,52197.000000,317,1082,0
156,52213.000000,1554,708,0
157,52213.000000,708,1554,0
158,52214.000000,2000,1950,1
159,52230.000000,794,708,0
160,52230.000000,708,794,0
161,52244.000000,1948,116,0
162,52244.000000,116,1948,0
163,52279.000000,883,1379,0
164,52280.000000,1379,883,0
165,52293.000000,883,1465,0
166,52294.000000,1465,883,0
167,52354.000000,603,317,0
168,52354.000000,317,603,0
169,52385.000000,116,708,0
170,52385.000000,708,116,0
171,52426.000000,1950,1554,1
172,52426.000000,1554,1950,0
173,52433.000000,1379,602,0
174,52433.000000,602,1379,0
175,52443.000000,1950,794,0
176,52443.000000,794,1950,0
177,52446.000000,1465,602,0
178,52446.000000,602,1465,0
179,52453.000000,1379,415,0
180,52453.000000,415,1379,0
181,52467.000000,1465,415,0
182,52467.000000,415,1465,0
183,52488.000000,1379,605,0
184,52488.000000,605,1379,0
185,52501.000000,1465,605,0
186,52501.000000,605,1465,0
187,52513.000000,708,317,0
188,52513.000000,317,708,0
189,52518.000000,1948,222,0
190,52518.000000,222,1948,0
191,52536.000000,602,1757,0
192,52537.000000,1757,602,0
193,52556.000000,1757,415,0
194,52556.000000,415,1757,0
195,52590.000000,1948,1995,0
196,52590.000000,1757,605,0
197,52590.000000,605,1757,0
198,52590.000000,1995,1948,0
199,52601.000000,1950,116,0
200,52601.000000,116,1950,0
201,52603.000000,603,795,0
202,52604.000000,795,603,0
203,52695.000000,415,1380,0
204,52709.000000,1380,415,0
205,52726.000000,1950,317,0
206,52726.000000,317,1950,0
207,52730.000000,1380,605,0
208,52730.000000,605,1380,0
209,52759.000000,605,1466,0
210,52761.000000,795,708,0
211,52761.000000,708,795,0
212,52768.000000,1466,605,0
213,52812.000000,1950,1379,0
214,52812.000000,1379,1950,0
215,52834.000000,1950,1465,0
216,52834.000000,1465,1950,0
217,52835.000000,1465,1379,0
218,52835.000000,1379,1465,0
219,52974.000000,1950,795,0
220,52974.000000,795,1950,0
221,52978.000000,1757,222,0
222,52978.000000,222,1757,0
223,52988.000000,116,1971,0
224,53000.000000,1971,116,0
225,53076.000000,1757,795,0
226,53076.000000,795,1757,0
227,53112.000000,317,1971,0
228,53112.000000,1971,317,0
229,53117.000000,1380,222,0
230,53117.000000,222,1380,0
231,53146.000000,1466,222,0
232,53146.000000,222,1466,0
233,53189.000000,1380,1995,0
234,53189.000000,1995,1380,0
235,53203.000000,1379,1971,0
236,53203.000000,1971,1379,0
237,53216.000000,1465,1971,0
238,53216.000000,1971,1465,0
239,53218.000000,1466,1995,0
240,53218.000000,1995,1466,0
241,53361.000000,795,1971,0
242,53361.000000,1971,795,0
243,53445.000000,1380,1971,0
244,53445.000000,1971,1380,0
245,53532.000000,1466,2025,0
246,53532.000000,2025,1466,0
247,53583.000000,1757,226,0
248,53583.000000,226,1757,0
249,53648.000000,1971,2025,0
250,53648.000000,2025,1971,0
251,53917.000000,1466,1968,0
252,53917.000000,1968,1466,0
253,54033.000000,1968,1971,0
254,54033.000000,1971,1968,0
255,54268.000000,2025,1983,0
256,54269.000000,1983,2025,0
257,54478.000000,1968,2066,0
258,54478.000000,2066,1968,0
259,54487.000000,226,1983,0
260,54487.000000,1983,226,0
261,54654.000000,1983,2066,0
262,54654.000000,2066,1983,0
263,54655.000000,1968,2037,0
264,54655.000000,2037,1968,0
265,54709.000000,226,2007,0
266,54709.000000,2007,226,0
267,54831.000000,1983,2037,0
268,54831.000000,2037,1983,0
269,54875.000000,2007,2066,0
270,54875.000000,2066,2007,0
271,55053.000000,2007,2037,0
272,55053.000000,2037,2007,0
273,55265.000000,2007,2098,0
274,55265.000000,2098,2007,0
275,55281.000000,2007,2059,0
276,55281.000000,2059,2007,0
277,55297.000000,1983,2030,0
278,55297.000000,2030,1983,0
279,55315.000000,2098,2012,0
280,55316.000000,2012,2098,0
281,55339.000000,2012,2059,0
282,55339.000000,2059,2012,0
283,55349.000000,2037,2119,0
284,55349.000000,2119,2037,0
285,55361.000000,2012,2011,0
286,55362.000000,2011,2012,0
287,55518.000000,2007,2030,0
288,55518.000000,2030,2007,0
289,55625.000000,2012,2119,0
290,55625.000000,2119,2012,0
291,55637.000000,2098,2123,0
292,55637.000000,2123,2098,0
293,55660.000000,2059,2123,0
294,55660.000000,2123,2059,0
295,55683.000000,2011,2123,0
296,55683.000000,2123,2011,0
297,55723.000000,2007,2094,0
298,55723.000000,2094,2007,0
299,55755.000000,2007,2057,0
300,55755.000000,2057,2007,0
301,55764.000000,2030,2031,0
302,55764.000000,2031,2030,0
303,55808.000000,2012,2056,0
304,55808.000000,2056,2012,0
305,55815.000000,2030,2119,0
306,55815.000000,2119,2030,0
307,55858.000000,2119,2084,0
308,55859.000000,2084,2119,0
309,55900.000000,2031,2123,0
310,55900.000000,2123,2031,0
311,55917.000000,2012,2063,0
312,55917.000000,2063,2012,0
313,55944.000000,2084,2123,0
314,55944.000000,2123,2084,0
315,55997.000000,2030,2056,0
316,55997.000000,2056,2030,0
317,56020.000000,2094,2119,0
318,56020.000000,2119,2094,0
319,56050.000000,2123,2050,0
320,56051.000000,2050,2123,0
321,56052.000000,2057,2119,0
322,56052.000000,2119,2057,0
323,56107.000000,2030,2063,0
324,56107.000000,2063,2030,0
325,56123.000000,2050,2094,0
326,56123.000000,2094,2050,0
327,56155.000000,2050,2057,0
328,56155.000000,2057,2050,0
329,56199.000000,2123,2104,0
330,56200.000000,2104,2123,0
331,56234.000000,2056,2057,0
332,56234.000000,2057,2056,0
333,56271.000000,2094,2104,0
334,56271.000000,2104,2094,0
335,56325.000000,2030,2154,0
336,56325.000000,2154,2030,0
337,56344.000000,2057,2063,0
338,56344.000000,2063,2057,0
339,56432.000000,2123,2116,0
340,56433.000000,2116,2123,0
341,56505.000000,2094,2116,0
342,56505.000000,2116,2094,0
343,56562.000000,2057,2154,0
344,56562.000000,2154,2057,0
345,56597.000000,2123,2093,0
346,56598.000000,2093,2123,0
347,56658.000000,2057,2128,0
348,56658.000000,2128,2057,0
349,56670.000000,2093,2094,0
350,56670.000000,2094,2093,0
351,56772.000000,2056,2136,0
352,56772.000000,2136,2056,0
353,56841.000000,2104,2136,0
354,56841.000000,2136,2104,0
355,56861.000000,2116,2154,0
356,56861.000000,2154,2116,0
357,56881.000000,2063,2136,0
358,56881.000000,2136,2063,0
359,56913.000000,2104,2139,0
360,56913.000000,2139,2104,0
361,56925.000000,2104,2175,0
362,56925.000000,2175,2104,0
363,56954.000000,2063,2139,0
364,56954.000000,2139,2063,0
365,56957.000000,2116,2128,0
366,56957.000000,2128,2116,0
367,56965.000000,2063,2175,0
368,56965.000000,2175,2063,0
369,57076.000000,2128,2129,0
370,57076.000000,2129,2128,0
371,57100.000000,2136,2154,0
372,57100.000000,2154,2136,0
373,57122.000000,2093,2128,0
374,57122.000000,2128,2093,0
375,57172.000000,2139,2154,0
376,57172.000000,2154,2139,0
377,57184.000000,2154,2175,0
378,57184.000000,2175,2154,0
379,57198.000000,2129,2136,0
380,57198.000000,2136,2129,0
381,57262.000000,2116,2187,0
382,57262.000000,2187,2116,0
383,57270.000000,2129,2139,0
384,57270.000000,2139,2129,0
385,57281.000000,2093,2173,0
386,57281.000000,2173,2093,0
387,57282.000000,2129,2175,0
388,57282.000000,2175,2129,0
389,57303.000000,2116,2114,0
390,57304.000000,2114,2116,0
391,57356.000000,2116,2153,0
392,57356.000000,2153,2116,0
393,57472.000000,2139,2175,0
394,57472.000000,2175,2139,0
395,57501.000000,2136,2187,0
396,57501.000000,2187,2136,0
397,57511.000000,2093,2151,0
398,57511.000000,2151,2093,0
399,57542.000000,2114,2136,0
400,57542.000000,2136,2114,0
401,57543.000000,2173,2187,0
402,57543.000000,2187,2173,0
403,57584.000000,2114,2173,0
404,57584.000000,2173,2114,0
405,57585.000000,2175,2187,0
406,57585.000000,2187,2175,0
407,57595.000000,2136,2153,0
408,57595.000000,2153,2136,0
409,57603.000000,2093,2126,0
410,57603.000000,2126,2093,0
411,57626.000000,2114,2175,0
412,57626.000000,2175,2114,0
413,57637.000000,2153,2173,0
414,57637.000000,2173,2153,0
415,57663.000000,2129,2169,0
416,57663.000000,2169,2129,0
417,57679.000000,2153,2175,0
418,57679.000000,2175,2153,0
419,57768.000000,2136,2133,0
420,57769.000000,2133,2136,0
421,57810.000000,2133,2173,0
422,57810.000000,2173,2133,0
423,57813.000000,2114,2151,0
424,57813.000000,2151,2114,0
425,57852.000000,2133,2175,0
426,57852.000000,2175,2133,0
427,57905.000000,2114,2126,0
428,57905.000000,2126,2114,0
429,57913.000000,2139,2208,0
430,57913.000000,2208,2139,0
431,57958.000000,2126,2153,0
432,57958.000000,2153,2126,0
433,57966.000000,2169,2187,0
434,57966.000000,2187,2169,0
435,58033.000000,2139,2179,0
436,58033.000000,2179,2139,0
437,58033.000000,2179,2144,0
438,58034.000000,2144,2179,0
439,58035.000000,2139,2144,0
440,58035.000000,2144,2139,0
441,58049.000000,2151,2169,0
442,58049.000000,2169,2151,0
443,58141.000000,2126,2169,0
444,58141.000000,2169,2126,0
445,58182.000000,2187,2147,0
446,58183.000000,2147,2187,0
447,58233.000000,2133,2169,0
448,58233.000000,2169,2133,0
449,58266.000000,2147,2151,0
450,58266.000000,2151,2147,0
451,58358.000000,2126,2147,0
452,58358.000000,2147,2126,0
453,58409.000000,2151,2158,0
454,58409.000000,2158,2151,0
455,58449.000000,2133,2147,0
456,58449.000000,2147,2133,0
457,58449.000000,2153,2161,0
458,58449.000000,2161,2153,0
459,58501.000000,2126,2158,0
460,58501.000000,2158,2126,0
461,58593.000000,2133,2158,0
462,58593.000000,2158,2133,0
463,58803.000000,2133,2172,0
464,58803.000000,2172,2133,0
465,58814.000000,2161,2179,0
466,58814.000000,2179,2161,0
467,58816.000000,2144,2161,0
468,58816.000000,2161,2144,0
469,59065.000000,2161,2199,0
470,59065.000000,2199,2161,0
471,59154.000000,2161,2170,0
472,59154.000000,2170,2161,0
473,59246.000000,2172,2199,0
474,59246.000000,2199,2172,0
475,59326.000000,2161,2180,0
476,59326.000000,2180,2161,0
477,59414.000000,2199,2189,0
478,59415.000000,2189,2199,0
479,59431.000000,2158,2194,0
480,59431.000000,2194,2158,0
481,59581.000000,2161,2284,0
482,59581.000000,2284,2161,0
483,59594.000000,2199,2237,0
484,59594.000000,2237,2199,0
485,59606.000000,2161,2287,0
486,59606.000000,2287,2161,0
487,59722.000000,2170,2243,0
488,59722.000000,2243,2170,0
489,59769.000000,2172,2243,0
490,59769.000000,2243,2172,0
491,59894.000000,2180,2243,0
492,59894.000000,2243,2180,0
493,59930.000000,2189,2284,0
494,59930.000000,2284,2189,0
495,59955.000000,2189,2287,0
496,59955.000000,2287,2189,0
497,60020.000000,2194,2284,0
498,60020.000000,2284,2194,0
499,60033.000000,2189,2252,0
500,60033.000000,2252,2189,0
501,60045.000000,2194,2287,0
502,60045.000000,2287,2194,0
503,60123.000000,2194,2252,0
504,60123.000000,2252,2194,0
505,60148.000000,2243,2284,0
506,60148.000000,2284,2243,0
507,60160.000000,2180,2305,0
508,60160.000000,2305,2180,0
509,60174.000000,2243,2287,0
510,60174.000000,2287,2243,0
511,60243.000000,2189,2270,0
512,60243.000000,2270,2189,0
513,60251.000000,2243,2252,0
514,60251.000000,2252,2243,0
515,60293.000000,2189,2230,0
516,60293.000000,2230,2189,0
517,60333.000000,2194,2270,0
518,60333.000000,2270,2194,0
519,60382.000000,2194,2230,0
520,60382.000000,2230,2194,0
521,60440.000000,2287,2305,0
522,60440.000000,2305,2287,0
523,60462.000000,2243,2270,0
524,60462.000000,2270,2243,0
525,60511.000000,2230,2243,0
526,60511.000000,2243,2230,0
527,60578.000000,2237,2283,0
528,60578.000000,2283,2237,0
529,60682.000000,2243,2288,0
530,60682.000000,2288,2243,0
531,60717.000000,2287,2249,0
532,60718.000000,2249,2287,0
533,60728.000000,2270,2305,0
534,60728.000000,2305,2270,0
535,60739.000000,2284,2251,0
536,60747.000000,2251,2284,0
537,60777.000000,2230,2305,0
538,60777.000000,2305,2230,0
539,60842.000000,2251,2252,0
540,60842.000000,2252,2251,0
541,60905.000000,2252,2299,0
542,60905.000000,2299,2252,0
543,60936.000000,2252,2301,0
544,60936.000000,2301,2252,0
545,60948.000000,2288,2305,0
546,60948.000000,2305,2288,0
547,61052.000000,2251,2270,0
548,61052.000000,2270,2251,0
549,61101.000000,2230,2251,0
550,61101.000000,2251,2230,0
551,61115.000000,2270,2299,0
552,61115.000000,2299,2270,0
553,61146.000000,2270,2301,0
554,61146.000000,2301,2270,0
555,61165.000000,2230,2299,0
556,61165.000000,2299,2230,0
557,61195.000000,2230,2301,0
558,61195.000000,2301,2230,0
559,61208.000000,2251,2283,0
560,61208.000000,2283,2251,0
561,61271.000000,2283,2299,0
562,61271.000000,2299,2283,0
563,61302.000000,2283,2301,0
564,61302.000000,2301,2283,0
565,61626.000000,2249,2321,0
566,61626.000000,2321,2249,0
567,61628.000000,2288,2282,0
568,61629.000000,2282,2288,0
569,61693.000000,2251,2282,0
570,61693.000000,2282,2251,0
571,61715.000000,2249,2333,0
572,61715.000000,2333,2249,0
573,61756.000000,2282,2299,0
574,61756.000000,2299,2282,0
575,61787.000000,2282,2301,0
576,61787.000000,2301,2282,0
577,61792.000000,2288,2297,0
578,61792.000000,2297,2288,0
579,61857.000000,2251,2297,0
580,61857.000000,2297,2251,0
581,61920.000000,2297,2299,0
582,61920.000000,2299,2297,0
583,61951.000000,2297,2301,0
584,61951.000000,2301,2297,0
585,62029.000000,2282,2321,0
586,62029.000000,2321,2282,0
587,62193.000000,2297,2321,0
588,62193.000000,2321,2297,0
589,62282.000000,2297,2333,0
590,62282.000000,2333,2297,0
591,62485.000000,2282,2316,0
592,62485.000000,2316,2282,0
593,62555.000000,2282,2324,0
594,62555.000000,2324,2282,0
595,62649.000000,2297,2316,0
596,62649.000000,2316,2297,0
597,62719.000000,2297,2324,0
598,62719.000000,2324,2297,0
599,62724.000000,2333,2410,0
600,62724.000000,2410,2333,0
601,62787.000000,2316,2349,0
602,62787.000000,2349,2316,0
603,62838.000000,2316,2354,0
604,62838.000000,2354,2316,0
605,62857.000000,2324,2349,0
606,62857.000000,2349,2324,0
607,62907.000000,2324,2354,0
608,62907.000000,2354,2324,0
609,62916.000000,2297,2342,0
610,62916.000000,2342,2297,0
611,63036.000000,2410,2391,0
612,63037.000000,2391,2410,0
613,63054.000000,2342,2349,0
614,63054.000000,2349,2342,0
615,63072.000000,2316,2370,0
616,63072.000000,2370,2316,0
617,63100.000000,2324,2368,0
618,63100.000000,2368,2324,0
619,63104.000000,2342,2354,0
620,63104.000000,2354,2342,0
621,63144.000000,2316,2338,0
622,63144.000000,2338,2316,0
623,63182.000000,2368,2370,0
624,63182.000000,2370,2368,0
625,63188.000000,2349,2384,0
626,63188.000000,2384,2349,0
627,63238.000000,2354,2384,0
628,63238.000000,2384,2354,0
629,63253.000000,2338,2368,0
630,63253.000000,2368,2338,0
631,63313.000000,2338,2410,0
632,63313.000000,2410,2338,0
633,63322.000000,2391,2431,0
634,63322.000000,2431,2391,0
635,63339.000000,2342,2370,0
636,63339.000000,2370,2342,0
637,63340.000000,2391,2395,0
638,63340.000000,2395,2391,0
639,63410.000000,2338,2342,0
640,63410.000000,2342,2338,0
641,63422.000000,2316,2435,0
642,63422.000000,2435,2316,0
643,63473.000000,2370,2384,0
644,63473.000000,2384,2370,0
645,63531.000000,2368,2435,0
646,63531.000000,2435,2368,0
647,63544.000000,2338,2384,0
648,63544.000000,2384,2338,0
649,63591.000000,2410,2435,0
650,63591.000000,2435,2410,0
651,63643.000000,2342,2431,0
652,63643.000000,2431,2342,0
653,63661.000000,2342,2395,0
654,63661.000000,2395,2342,0
655,63777.000000,2384,2431,0
656,63777.000000,2431,2384,0
657,63778.000000,2342,2405,0
658,63778.000000,2405,2342,0
659,63795.000000,2384,2395,0
660,63795.000000,2395,2384,0
661,63835.000000,2342,2409,0
662,63835.000000,2409,2342,0
663,63867.000000,2410,2417,0
664,63876.000000,2342,2448,0
665,63876.000000,2448,2342,0
666,63883.000000,2417,2410,0
667,63912.000000,2384,2405,0
668,63912.000000,2405,2384,0
669,63969.000000,2384,2409,0
670,63969.000000,2409,2384,0
671,64010.000000,2384,2448,0
672,64010.000000,2448,2384,0
673,64227.000000,2395,2377,0
674,64228.000000,2377,2395,0
675,64228.000000,2377,2378,0
676,64228.000000,2378,2377,0
677,64231.000000,2378,2395,0
678,64231.000000,2395,2378,0
679,64253.000000,2431,2381,0
680,64254.000000,2381,2431,0
681,64298.000000,2381,2435,0
682,64298.000000,2435,2381,0
683,64343.000000,2377,2405,0
684,64343.000000,2405,2377,0
685,64344.000000,2409,2417,0
686,64344.000000,2417,2409,0
687,64347.000000,2378,2405,0
688,64347.000000,2405,2378,0
689,64385.000000,2417,2448,0
690,64385.000000,2448,2417,0
691,64509.000000,2409,2470,0
692,64509.000000,2470,2409,0
693,64550.000000,2448,2470,0
694,64550.000000,2470,2448,0
695,64634.000000,2378,2381,0
696,64634.000000,2381,2378,0
697,64739.000000,2381,2470,0
698,64739.000000,2470,2381,0
699,65172.000000,2378,2428,0
700,65172.000000,2428,2378,0
701,65206.000000,2381,2427,0
702,65206.000000,2427,2381,0
703,65276.000000,2428,2470,0
704,65276.000000,2470,2428,0
705,65371.000000,2470,2479,0
706,65371.000000,2479,2470,0
707,65743.000000,2427,2428,0
708,65743.000000,2428,2427,0
709,65792.000000,2427,2514,0
710,65792.000000,2514,2427,0
711,65827.000000,2428,2476,0
712,65827.000000,2476,2428,0
713,65829.000000,2427,2477,0
714,65829.000000,2477,2427,0
715,65876.000000,2476,2514,0
716,65876.000000,2514,2476,0
717,65900.000000,2428,2526,0
718,65900.000000,2526,2428,0
719,65911.000000,2476,2477,0
720,65911.000000,2477,2476,0
721,65929.000000,2477,2479,0
722,65929.000000,2479,2477,0
723,65949.000000,2514,2526,0
724,65949.000000,2526,2514,0
725,65964.000000,2479,2481,0
726,65964.000000,2481,2479,0
727,65975.000000,2427,2443,0
728,65975.000000,2443,2427,0
729,65986.000000,2477,2526,0
730,65986.000000,2526,2477,0
731,66010.000000,2479,2438,0
732,66011.000000,2438,2479,0
733,66058.000000,2443,2476,0
734,66058.000000,2476,2443,0
735,66100.000000,2443,2481,0
736,66100.000000,2481,2443,0
737,66116.000000,2427,2504,0
738,66116.000000,2504,2427,0
739,66131.000000,2443,2526,0
740,66131.000000,2526,2443,0
741,66199.000000,2476,2504,0
742,66199.000000,2504,2476,0
743,66242.000000,2481,2504,0
744,66242.000000,2504,2481,0
745,66273.000000,2504,2526,0
746,66273.000000,2526,2504,0
747,66284.000000,2479,2460,0
748,66285.000000,2460,2479,0
749,66291.000000,2428,2471,0
750,66291.000000,2471,2428,0
751,66299.000000,2479,2510,0
752,66299.000000,2510,2479,0
753,66307.000000,2428,2562,0
754,66307.000000,2562,2428,0
755,66340.000000,2471,2514,0
756,66340.000000,2514,2471,0
757,66356.000000,2514,2562,0
758,66356.000000,2562,2514,0
759,66376.000000,2471,2477,0
760,66376.000000,2477,2471,0
761,66393.000000,2477,2562,0
762,66393.000000,2562,2477,0
763,66456.000000,2438,2471,0
764,66456.000000,2471,2438,0
765,66473.000000,2438,2562,0
766,66473.000000,2562,2438,0
767,66485.000000,2479,2523,0
768,66485.000000,2523,2479,0
769,66522.000000,2443,2471,0
770,66522.000000,2471,2443,0
771,66539.000000,2443,2562,0
772,66539.000000,2562,2443,0
773,66622.000000,2438,2572,0
774,66622.000000,2572,2438,0
775,66625.000000,2460,2509,0
776,66625.000000,2509,2460,0
777,66645.000000,2509,2510,0
778,66645.000000,2510,2509,0
779,66663.000000,2471,2504,0
780,66663.000000,2504,2471,0
781,66680.000000,2504,2562,0
782,66680.000000,2562,2504,0
783,66687.000000,2443,2572,0
784,66687.000000,2572,2443,0
785,66828.000000,2504,2572,0
786,66828.000000,2572,2504,0
787,66831.000000,2509,2523,0
788,66831.000000,2523,2509,0
789,66869.000000,2460,2528,0
790,66869.000000,2528,2460,0
791,66884.000000,2510,2528,0
792,66884.000000,2528,2510,0
793,66931.000000,2471,2523,0
794,66931.000000,2523,2471,0
795,66972.000000,2460,2539,0
796,66972.000000,2539,2460,0
797,66987.000000,2510,2539,0
798,66987.000000,2528,2562,0
799,66987.000000,2539,2510,0
800,66987.000000,2562,2528,0
801,67058.000000,2509,2503,0
802,67059.000000,2503,2509,0
803,67070.000000,2523,2528,0
804,67070.000000,2528,2523,0
805,67090.000000,2539,2562,0
806,67090.000000,2562,2539,0
807,67135.000000,2528,2572,0
808,67135.000000,2572,2528,0
809,67143.000000,2460,2588,0
810,67143.000000,2588,2460,0
811,67158.000000,2510,2588,0
812,67158.000000,2588,2510,0
813,67159.000000,2471,2503,0
814,67159.000000,2503,2471,0
815,67173.000000,2523,2539,0
816,67173.000000,2539,2523,0
817,67214.000000,2509,2560,0
818,67214.000000,2560,2509,0
819,67260.000000,2510,2515,0
820,67261.000000,2562,2588,0
821,67261.000000,2588,2562,0
822,67272.000000,2515,2510,0
823,67315.000000,2471,2560,0
824,67315.000000,2560,2471,0
825,67344.000000,2523,2588,0
826,67344.000000,2588,2523,0
827,67363.000000,2515,2562,0
828,67363.000000,2562,2515,0
829,67376.000000,2562,2597,0
830,67376.000000,2597,2562,0
831,67400.000000,2503,2539,0
832,67400.000000,2539,2503,0
833,67446.000000,2515,2523,0
834,67446.000000,2523,2515,0
835,67459.000000,2523,2597,0
836,67459.000000,2597,2523,0
837,67557.000000,2539,2560,0
838,67557.000000,2560,2539,0
839,67728.000000,2560,2588,0
840,67728.000000,2588,2560,0
841,67878.000000,2515,2597,0
842,67878.000000,2597,2515,0
843,68022.000000,2503,2587,0
844,68022.000000,2587,2503,0
845,68167.000000,2560,2627,0
846,68167.000000,2627,2560,0
847,68212.000000,2597,2627,0
848,68212.000000,2627,2597,0
849,68301.000000,2560,2632,0
850,68301.000000,2632,2560,0
851,68346.000000,2597,2632,0
852,68346.000000,2632,2597,0
853,68387.000000,2515,2601,0
854,68387.000000,2601,2515,0
855,68450.000000,2627,2622,0
856,68451.000000,2622,2627,0
857,68499.000000,2627,2583,0
858,68500.000000,2583,2627,0
859,68548.000000,2587,2627,0
860,68548.000000,2627,2587,0
861,68583.000000,2622,2632,0
862,68583.000000,2632,2622,0
863,68633.000000,2583,2632,0
864,68633.000000,2632,2583,0
865,68798.000000,2627,2607,0
866,68799.000000,2607,2627,0
867,68809.000000,2587,2607,0
868,68809.000000,2607,2587,0
869,68838.000000,2627,2614,0
870,68839.000000,2614,2627,0
871,68848.000000,2587,2614,0
872,68848.000000,2614,2587,0
873,68858.000000,2601,2632,0
874,68858.000000,2632,2601,0
875,68897.000000,2622,2582,0
876,68898.000000,2582,2622,0
877,68946.000000,2582,2583,0
878,68946.000000,2583,2582,0
879,68986.000000,2601,2607,0
880,68986.000000,2607,2601,0
881,69026.000000,2601,2614,0
882,69026.000000,2614,2601,0
883,69040.000000,2632,2646,0
884,69040.000000,2646,2632,0
885,69112.000000,2627,2663,0
886,69112.000000,2663,2627,0
887,69123.000000,2587,2663,0
888,69123.000000,2663,2587,0
889,69207.000000,2614,2646,0
890,69207.000000,2646,2614,0
891,69245.000000,2582,2607,0
892,69245.000000,2607,2582,0
893,69292.000000,2632,2629,0
894,69293.000000,2629,2632,0
895,69300.000000,2601,2663,0
896,69300.000000,2663,2601,0
897,69460.000000,2614,2629,0
898,69460.000000,2629,2614,0
899,69481.000000,2646,2663,0
900,69481.000000,2663,2646,0
901,69559.000000,2582,2663,0
902,69559.000000,2663,2582,0
903,69581.000000,2614,2678,0
904,69581.000000,2678,2614,0
905,69618.000000,2607,2686,0
906,69618.000000,2686,2607,0
907,69663.000000,2614,2615,0
908,69663.000000,2615,2614,0
909,69678.000000,2614,2688,0
910,69678.000000,2688,2614,0
911,69737.000000,2614,2619,0
912,69744.000000,2619,2614,0
913,69884.000000,2663,2610,0
914,69885.000000,2610,2663,0
915,70006.000000,2663,2648,0
916,70007.000000,2648,2663,0
917,70100.000000,2678,2686,0
918,70100.000000,2686,2678,0
919,70107.000000,2663,2707,0
920,70107.000000,2707,2663,0
921,70178.000000,2615,2686,0
922,70178.000000,2686,2615,0
923,70250.000000,2648,2686,0
924,70250.000000,2686,2648,0
925,70329.000000,2619,2648,0
926,70329.000000,2648,2619,0
927,70351.000000,2686,2707,0
928,70351.000000,2707,2686,0
929,70431.000000,2619,2707,0
930,70431.000000,2707,2619,0
931,70473.000000,2678,2674,0
932,70474.000000,2674,2678,0
933,70499.000000,2648,2661,0
934,70499.000000,2661,2648,0
935,70559.000000,2648,2630,0
936,70560.000000,2630,2648,0
937,70570.000000,2674,2688,0
938,70570.000000,2688,2674,0
939,70583.000000,2678,2734,0
940,70583.000000,2734,2678,0
941,70680.000000,2688,2734,0
942,70680.000000,2734,2688,0
943,70725.000000,2674,2707,0
944,70725.000000,2707,2674,0
945,70761.000000,2686,2650,0
946,70762.000000,2650,2686,0
947,70835.000000,2707,2734,0
948,70835.000000,2734,2707,0
949,70840.000000,2619,2650,0
950,70840.000000,2650,2619,0
951,70858.000000,2630,2674,0
952,70858.000000,2674,2630,0
953,70930.000000,2648,2754,0
954,70946.000000,2754,2648,0
955,70969.000000,2630,2734,0
956,70969.000000,2734,2630,0
957,71010.000000,2650,2661,0
958,71010.000000,2661,2650,0
959,71132.000000,2661,2757,0
960,71132.000000,2757,2661,0
961,71134.000000,2650,2674,0
962,71134.000000,2674,2650,0
963,71244.000000,2650,2734,0
964,71244.000000,2734,2650,0
965,71256.000000,2674,2757,0
966,71256.000000,2757,2674,0
967,71366.000000,2734,2757,0
968,71366.000000,2757,2734,0
969,71441.000000,2650,2754,0
970,71441.000000,2754,2650,0
971,71470.000000,2650,2759,0
972,71470.000000,2759,2650,0
973,71497.000000,2674,2682,0
974,71497.000000,2682,2674,0
975,71517.000000,2757,2653,0
976,71518.000000,2653,2757,0
977,71521.000000,2650,2665,0
978,71521.000000,2665,2650,0
979,71562.000000,2754,2757,0
980,71562.000000,2757,2754,0
981,71592.000000,2757,2759,0
982,71592.000000,2759,2757,0
983,71608.000000,2682,2734,0
984,71608.000000,2734,2682,0
985,71633.000000,2650,2722,0
986,71633.000000,2722,2650,0
987,71643.000000,2665,2757,0
988,71643.000000,2757,2665,0
989,71695.000000,2734,2788,0
990,71695.000000,2788,2734,0
991,71752.000000,2650,2738,0
992,71752.000000,2738,2650,0
993,71755.000000,2722,2757,0
994,71755.000000,2757,2722,0
995,71759.000000,2653,2682,0
996,71759.000000,2682,2653,0
997,71804.000000,2682,2754,0
998,71804.000000,2754,2682,0
999,71824.000000,2650,2791,0
1000,71824.000000,2791,2650,0
1001,71834.000000,2682,2759,0
1002,71834.000000,2759,2682,0
1003,71846.000000,2653,2788,0
1004,71846.000000,2788,2653,0
1005,71874.000000,2738,2757,0
1006,71874.000000,2757,2738,0
1007,71891.000000,2754,2788,0
1008,71891.000000,2788,2754,0
1009,71921.000000,2759,2788,0
1010,71921.000000,2788,2759,0
1011,71946.000000,2757,2791,0
1012,71946.000000,2791,2757,0
1013,71962.000000,2653,2753,0
1014,71962.000000,2753,2653,0
1015,72007.000000,2753,2754,0
1016,72007.000000,2754,2753,0
1017,72037.000000,2753,2759,0
1018,72037.000000,2759,2753,0
1019,72090.000000,2757,2758,0
1020,72090.000000,2758,2757,0
1021,72203.000000,2738,2788,0
1022,72203.000000,2788,2738,0
1023,72318.000000,2738,2753,0
1024,72318.000000,2753,2738,0
1025,72390.000000,2753,2791,0
1026,72390.000000,2791,2753,0
1027,72498.000000,2722,2728,0
1028,72498.000000,2728,2722,0
1029,72574.000000,2682,2728,0
1030,72574.000000,2728,2682,0
1031,72671.000000,2682,2743,0
1032,72679.000000,2743,2682,0
1033,72688.000000,2788,2732,0
1034,72689.000000,2732,2788,0
1035,72762.000000,2738,2794,0
1036,72775.000000,2794,2738,0
1037,72804.000000,2732,2753,0
1038,72804.000000,2753,2732,0
1039,72834.000000,2791,2794,0
1040,72834.000000,2794,2791,0
1041,72979.000000,2758,2794,0
1042,72979.000000,2794,2758,0
1043,73050.000000,2753,2807,0
1044,73050.000000,2807,2753,0
1045,73065.000000,2753,2810,0
1046,73065.000000,2810,2753,0
1047,73124.000000,2758,2811,0
1048,73124.000000,2811,2758,0
1049,73141.000000,2728,2786,0
1050,73141.000000,2786,2728,0
1051,73161.000000,2758,2814,0
1052,73161.000000,2814,2758,0
1053,73169.000000,2732,2786,0
1054,73169.000000,2786,2732,0
1055,73286.000000,2786,2794,0
1056,73286.000000,2794,2786,0
1057,73431.000000,2786,2811,0
1058,73431.000000,2811,2786,0
1059,73446.000000,2743,2807,0
1060,73446.000000,2807,2743,0
1061,73461.000000,2743,2810,0
1062,73461.000000,2810,2743,0
1063,73463.000000,2728,2819,0
1064,73463.000000,2819,2728,0
1065,73469.000000,2786,2814,0
1066,73469.000000,2814,2786,0
1067,73491.000000,2732,2819,0
1068,73491.000000,2819,2732,0
1069,73620.000000,2743,2857,0
1070,73620.000000,2857,2743,0
1071,73626.000000,2728,2830,0
1072,73626.000000,2830,2728,0
1073,73639.000000,2807,2811,0
1074,73639.000000,2811,2807,0
1075,73650.000000,2810,2811,0
1076,73650.000000,2811,2810,0
1077,73654.000000,2732,2830,0
1078,73654.000000,2830,2732,0
1079,73676.000000,2807,2814,0
1080,73676.000000,2814,2807,0
1081,73702.000000,2786,2784,0
1082,73703.000000,2784,2786,0
1083,73730.000000,2732,2834,0
1084,73741.000000,2834,2732,0
1085,73813.000000,2811,2857,0
1086,73813.000000,2857,2811,0
1087,73850.000000,2814,2857,0
1088,73850.000000,2857,2814,0
1089,73910.000000,2784,2807,0
1090,73910.000000,2807,2784,0
1091,74187.000000,2784,2830,0
1092,74187.000000,2830,2784,0
1093,74264.000000,2784,2834,0
1094,74264.000000,2834,2784,0
1095,74303.000000,2814,2821,0
1096,74303.000000,2821,2814,0
1097,74415.000000,2784,2887,0
1098,74415.000000,2887,2784,0
1099,74615.000000,2834,2854,0
1100,74615.000000,2854,2834,0
1101,74640.000000,2834,2856,0
1102,74640.000000,2856,2834,0
1103,74664.000000,2784,2868,0
1104,74664.000000,2868,2784,0
1105,74712.000000,2834,2863,0
1106,74712.000000,2863,2834,0
1107,74754.000000,2821,2887,0
1108,74754.000000,2887,2821,0
1109,74854.000000,2887,2899,0
1110,74854.000000,2899,2887,0
1111,74876.000000,2887,2865,0
1112,74877.000000,2865,2887,0
1113,74887.000000,2821,2854,0
1114,74887.000000,2854,2821,0
1115,74912.000000,2821,2856,0
1116,74912.000000,2856,2821,0
1117,74918.000000,2834,2840,0
1118,74918.000000,2840,2834,0
1119,74984.000000,2821,2863,0
1120,74984.000000,2863,2821,0
1121,74987.000000,2854,2899,0
1122,74987.000000,2899,2854,0
1123,75009.000000,2854,2865,0
1124,75009.000000,2865,2854,0
1125,75040.000000,2856,2868,0
1126,75040.000000,2868,2856,0
1127,75061.000000,2887,2883,0
1128,75062.000000,2883,2887,0
1129,75083.000000,2863,2899,0
1130,75083.000000,2899,2863,0
1131,75106.000000,2863,2865,0
1132,75106.000000,2865,2863,0
1133,75123.000000,2865,2868,0
1134,75123.000000,2868,2865,0
1135,75190.000000,2821,2840,0
1136,75190.000000,2840,2821,0
1137,75193.000000,2854,2883,0
1138,75193.000000,2883,2854,0
1139,75291.000000,2863,2883,0
1140,75291.000000,2883,2863,0
1141,75335.000000,2899,2886,0
1142,75336.000000,2886,2899,0
1143,75357.000000,2865,2886,0
1144,75357.000000,2886,2865,0
1145,75363.000000,2868,2886,0
1146,75363.000000,2886,2868,0
1147,75370.000000,2856,2892,0
1148,75370.000000,2892,2856,0
1149,75454.000000,2854,2897,0
1150,75454.000000,2897,2854,0
1151,75495.000000,2840,2883,0
1152,75495.000000,2883,2840,0
1153,75541.000000,2883,2886,0
1154,75541.000000,2886,2883,0
1155,75551.000000,2863,2897,0
1156,75551.000000,2897,2863,0
1157,75597.000000,2899,2866,0
1158,75598.000000,2866,2899,0
1159,75619.000000,2865,2866,0
1160,75619.000000,2866,2865,0
1161,75625.000000,2866,2868,0
1162,75625.000000,2868,2866,0
1163,75756.000000,2840,2897,0
1164,75756.000000,2897,2840,0
1165,75802.000000,2886,2897,0
1166,75802.000000,2897,2886,0
1167,75804.000000,2866,2883,0
1168,75804.000000,2883,2866,0
1169,76315.000000,2892,2979,0
1170,76315.000000,2979,2892,0
1171,76424.000000,2897,2979,0
1172,76424.000000,2979,2897,0
1173,76480.000000,2866,2979,0
1174,76480.000000,2979,2866,0
1175,76700.000000,2979,2924,0
1176,76701.000000,2924,2979,0
1177,76973.000000,2979,2989,0
1178,76973.000000,2989,2979,0
1179,77170.000000,2989,2909,0
1180,77171.000000,2909,2989,0
1181,77219.000000,2979,2925,0
1182,77220.000000,2925,2979,0
1183,77376.000000,2989,2930,0
1184,77377.000000,2930,2989,0
1185,77548.000000,2989,2943,0
1186,77549.000000,2943,2989,0
1187,77675.000000,2989,2997,0
1188,77675.000000,2997,2989,0
1189,77704.000000,2925,2977,0
1190,77704.000000,2977,2925,0
1191,77728.000000,2930,2977,0
1192,77728.000000,2977,2930,0
1193,77944.000000,2925,2952,0
1194,77944.000000,2952,2925,0
1195,77967.000000,2930,2952,0
1196,77967.000000,2952,2930,0
1197,78266.000000,2952,2997,0
1198,78266.000000,2997,2952,0
1199,78277.000000,2977,2970,0
1200,78278.000000,2970,2977,0
1201,78367.000000,2943,2970,0
1202,78367.000000,2970,2943,0
1203,78517.000000,2952,2970,0
1204,78517.000000,2970,2952,0
1205,78741.000000,2970,2968,0
1206,78742.000000,2968,2970,0
1207,78742.000000,2968,2971,0
1208,78742.000000,2971,2968,0
1209,78748.000000,2970,2971,0
1210,78748.000000,2971,2970,0
1211,78771.000000,2970,3058,0
1212,78771.000000,3058,2970,0
1213,78831.000000,2970,3025,0
1214,78831.000000,3025,2970,0
1215,78833.000000,2952,3044,0
1216,78833.000000,3044,2952,0
1217,78876.000000,2970,2986,0
1218,78876.000000,2986,2970,0
1219,78876.000000,2986,3028,0
1220,78876.000000,3028,2986,0
1221,78879.000000,2970,3028,0
1222,78879.000000,3028,2970,0
1223,78939.000000,2970,3070,0
1224,78939.000000,3070,2970,0
1225,79021.000000,2970,3080,0
1226,79021.000000,3080,2970,0
1227,79057.000000,2968,3044,0
1228,79057.000000,3044,2968,0
1229,79063.000000,2971,3044,0
1230,79063.000000,3044,2971,0
1231,79086.000000,3044,3058,0
1232,79086.000000,3058,3044,0
1233,79101.000000,2970,3008,0
1234,79101.000000,3008,2970,0
1235,79254.000000,3044,3070,0
1236,79254.000000,3070,3044,0
1237,79308.000000,3028,3015,0
1238,79309.000000,3015,3016,0
1239,79309.000000,3015,3028,0
1240,79309.000000,3016,3015,0
1241,79317.000000,3016,3028,0
1242,79317.000000,3028,3016,0
1243,79337.000000,3044,3080,0
1244,79337.000000,3080,3044,0
1245,79417.000000,3008,3044,0
1246,79417.000000,3044,3008,0
1247,79470.000000,3025,3067,0
1248,79470.000000,3067,3025,0
1249,79516.000000,2986,3067,0
1250,79516.000000,3067,2986,0
1251,79675.000000,3070,3130,0
1252,79675.000000,3130,3070,0
1253,79735.000000,3044,3125,0
1254,79735.000000,3125,3044,0
1255,79741.000000,3008,3067,0
1256,79741.000000,3067,3008,0
1257,79757.000000,3080,3130,0
1258,79757.000000,3130,3080,0
1259,79829.000000,3080,3137,0
1260,79829.000000,3137,3080,0
1261,79900.000000,3008,3042,0
1262,79900.000000,3042,3008,0
1263,79911.000000,3015,3130,0
1264,79911.000000,3130,3015,0
1265,79920.000000,3016,3130,0
1266,79920.000000,3130,3016,0
1267,79982.000000,3015,3137,0
1268,79982.000000,3137,3015,0
1269,79991.000000,3016,3137,0
1270,79991.000000,3137,3016,0
1271,80120.000000,3067,3130,0
1272,80120.000000,3130,3067,0
1273,80192.000000,3067,3137,0
1274,80192.000000,3137,3067,0
1275,80219.000000,3042,3125,0
1276,80219.000000,3125,3042,0
1277,80275.000000,3130,3081,0
1278,80276.000000,3081,3130,0
1279,80334.000000,3042,3081,0
1280,80334.000000,3081,3042,0
1281,80347.000000,3081,3137,0
1282,80347.000000,3137,3081,0
1283,80350.000000,3042,3137,0
1284,80350.000000,3137,3042,0
1285,80442.000000,3130,3100,0
1286,80443.000000,3100,3130,0
1287,80487.000000,3130,3056,0
1288,80488.000000,3056,3130,0
1289,80488.000000,3067,3061,0
1290,80489.000000,3061,3067,0
1291,80514.000000,3100,3137,0
1292,80514.000000,3137,3100,0
1293,80558.000000,3056,3137,0
1294,80558.000000,3137,3056,0
1295,80582.000000,3042,3155,0
1296,80582.000000,3155,3042,0
1297,80633.000000,3067,3077,0
1298,80643.000000,3061,3081,0
1299,80643.000000,3081,3061,0
1300,80652.000000,3077,3067,0
1301,80761.000000,3042,3075,0
1302,80761.000000,3075,3042,0
1303,80788.000000,3077,3081,0
1304,80788.000000,3081,3077,0
1305,80801.000000,3042,3173,0
1306,80801.000000,3173,3042,0
1307,80867.000000,3081,3088,0
1308,80867.000000,3088,3081,0
1309,80951.000000,3042,3096,0
1310,80969.000000,3096,3042,0
1311,81066.000000,3061,3075,0
1312,81066.000000,3075,3061,0
1313,81106.000000,3061,3173,0
1314,81106.000000,3173,3061,0
1315,81241.000000,3100,3154,0
1316,81241.000000,3154,3100,0
1317,81250.000000,3077,3173,0
1318,81250.000000,3173,3077,0
1319,81255.000000,3061,3096,0
1320,81255.000000,3096,3061,0
1321,81255.000000,3100,3156,0
1322,81255.000000,3156,3100,0
1323,81282.000000,3061,3099,0
1324,81282.000000,3099,3061,0
1325,81285.000000,3056,3154,0
1326,81285.000000,3154,3056,0
1327,81299.000000,3056,3156,0
1328,81299.000000,3156,3056,0
1329,81318.000000,3154,3155,0
1330,81318.000000,3155,3154,0
1331,81331.000000,3155,3156,0
1332,81331.000000,3156,3155,0
1333,81401.000000,3077,3096,0
1334,81401.000000,3096,3077,0
1335,81427.000000,3077,3099,0
1336,81427.000000,3099,3077,0
1337,81498.000000,3075,3154,0
1338,81498.000000,3154,3075,0
1339,81511.000000,3075,3156,0
1340,81511.000000,3156,3075,0
1341,81537.000000,3154,3173,0
1342,81537.000000,3173,3154,0
1343,81550.000000,3156,3173,0
1344,81550.000000,3173,3156,0
1345,81552.000000,3088,3103,0
1346,81552.000000,3103,3088,0
1347,81631.000000,3096,3103,0
1348,81631.000000,3103,3096,0
1349,81633.000000,3075,3167,0
1350,81633.000000,3167,3075,0
1351,81673.000000,3167,3173,0
1352,81673.000000,3173,3167,0
1353,81688.000000,3075,3129,0
1354,81688.000000,3129,3075,0
1355,81697.000000,3088,3120,0
1356,81697.000000,3120,3088,0
1357,81713.000000,3099,3154,0
1358,81713.000000,3154,3099,0
1359,81727.000000,3099,3156,0
1360,81727.000000,3156,3099,0
1361,81728.000000,3129,3173,0
1362,81728.000000,3173,3129,0
1363,81776.000000,3096,3120,0
1364,81776.000000,3120,3096,0
1365,81849.000000,3099,3167,0
1366,81849.000000,3167,3099,0
1367,81904.000000,3099,3129,0
1368,81904.000000,3129,3099,0
1369,82026.000000,3120,3206,0
1370,82026.000000,3206,3120,0
1371,82069.000000,3099,3186,0
1372,82069.000000,3186,3148,0
1373,82069.000000,3186,3099,0
1374,82070.000000,3148,3186,0
1375,82076.000000,3099,3148,0
1376,82076.000000,3148,3099,0
1377,82081.000000,3167,3206,0
1378,82081.000000,3206,3167,0
1379,82148.000000,3099,3149,0
1380,82148.000000,3149,3099,0
1381,82177.000000,3103,3191,0
1382,82177.000000,3191,3103,0
1383,82233.000000,3154,3191,0
1384,82233.000000,3191,3154,0
1385,82246.000000,3156,3191,0
1386,82246.000000,3191,3156,0
1387,82431.000000,3206,3243,0
1388,82431.000000,3243,3206,0
1389,82462.000000,3206,3158,0
1390,82463.000000,3158,3206,0
1391,82499.000000,3129,3243,0
1392,82499.000000,3243,3129,0
1393,82527.000000,3120,3166,0
1394,82527.000000,3120,3251,0
1395,82527.000000,3166,3120,0
1396,82527.000000,3166,3251,0
1397,82527.000000,3251,3120,0
1398,82527.000000,3251,3166,0
1399,82531.000000,3129,3158,0
1400,82531.000000,3158,3129,0
1401,82573.000000,3166,3167,0
1402,82573.000000,3167,3166,0
1403,82573.000000,3167,3251,0
1404,82573.000000,3251,3167,0
1405,82589.000000,3186,3191,0
1406,82589.000000,3191,3186,0
1407,82596.000000,3148,3191,0
1408,82596.000000,3191,3148,0
1409,82627.000000,3206,3210,0
1410,82627.000000,3210,3206,0
1411,82668.000000,3149,3191,0
1412,82668.000000,3191,3149,0
1413,82695.000000,3129,3210,0
1414,82695.000000,3210,3129,0
1415,82770.000000,3191,3159,0
1416,82771.000000,3159,3191,0
1417,82846.000000,3159,3243,0
1418,82846.000000,3243,3159,0
1419,82879.000000,3158,3159,0
1420,82879.000000,3159,3158,0
1421,82963.000000,3158,3166,0
1422,82963.000000,3158,3251,0
1423,82963.000000,3166,3158,0
1424,82963.000000,3251,3158,0
1425,82975.000000,3186,3182,0
1426,82976.000000,3182,3186,0
1427,82982.000000,3148,3182,0
1428,82982.000000,3182,3148,0
1429,83041.000000,3159,3210,0
1430,83041.000000,3210,3159,0
1431,83054.000000,3149,3182,0
1432,83054.000000,3182,3149,0
1433,83089.000000,3191,3230,0
1434,83089.000000,3230,3191,0
1435,83127.000000,3166,3210,0
1436,83127.000000,3210,3166,0
1437,83165.000000,3230,3243,0
1438,83165.000000,3243,3230,0
1439,83214.000000,3159,3270,0
1440,83214.000000,3270,3159,0
1441,83242.000000,3149,3242,0
1442,83242.000000,3242,3149,0
1443,83262.000000,3159,3190,0
1444,83262.000000,3190,3159,0
1445,83293.000000,3230,3251,0
1446,83293.000000,3251,3230,0
1447,83300.000000,3166,3270,0
1448,83300.000000,3270,3166,0
1449,83348.000000,3166,3190,0
1450,83348.000000,3190,3166,0
1451,83360.000000,3210,3230,0
1452,83360.000000,3230,3210,0
1453,83399.000000,3158,3245,0
1454,83399.000000,3245,3158,0
1455,83402.000000,3243,3199,0
1456,83411.000000,3199,3243,0
1457,83475.000000,3182,3230,0
1458,83475.000000,3230,3182,0
1459,83531.000000,3199,3251,0
1460,83531.000000,3230,3270,0
1461,83531.000000,3251,3199,0
1462,83531.000000,3270,3230,0
1463,83598.000000,3199,3210,0
1464,83598.000000,3210,3199,0
1465,83664.000000,3230,3242,0
1466,83664.000000,3242,3230,0
1467,83712.000000,3182,3199,0
1468,83712.000000,3199,3182,0
1469,83719.000000,3190,3242,0
1470,83719.000000,3242,3190,0
1471,83736.000000,3245,3270,0
1472,83736.000000,3270,3245,0
1473,83772.000000,3230,3248,0
1474,83772.000000,3248,3230,0
1475,83827.000000,3190,3248,0
1476,83827.000000,3248,3190,0
1477,83901.000000,3199,3242,0
1478,83901.000000,3242,3199,0
1479,83904.000000,3270,3261,0
1480,83905.000000,3261,3270,0
1481,83947.000000,3182,3268,0
1482,83947.000000,3230,3218,0
1483,83947.000000,3268,3182,0
1484,83948.000000,3218,3230,0
1485,83976.000000,3245,3248,0
1486,83976.000000,3248,3245,0
1487,83993.000000,3270,3266,0
1488,83994.000000,3266,3270,0
1489,83994.000000,3266,3226,0
1490,83995.000000,3226,3266,0
1491,84002.000000,3190,3218,0
1492,84002.000000,3218,3190,0
1493,84003.000000,3226,3270,0
1494,84003.000000,3270,3226,0
1495,84010.000000,3199,3248,0
1496,84010.000000,3248,3199,0
1497,84135.000000,3242,3268,0
1498,84135.000000,3268,3242,0
1499,84151.000000,3218,3245,0
1500,84151.000000,3245,3218,0
1501,84244.000000,3248,3268,0
1502,84244.000000,3268,3248,0
1503,84319.000000,3218,3261,0
1504,84319.000000,3261,3218,0
1505,84343.000000,3199,3309,0
1506,84343.000000,3309,3199,0
1507,84409.000000,3245,3283,0
1508,84409.000000,3283,3245,0
1509,84417.000000,3199,3279,0
1510,84417.000000,3279,3199,0
1511,84460.000000,3266,3268,0
1512,84460.000000,3268,3266,0
1513,84464.000000,3226,3268,0
1514,84464.000000,3268,3226,0
1515,84526.000000,3218,3309,0
1516,84526.000000,3309,3218,0
1517,84566.000000,3266,3309,0
1518,84566.000000,3309,3266,0
1519,84575.000000,3226,3309,0
1520,84575.000000,3309,3226,0
1521,84577.000000,3261,3283,0
1522,84577.000000,3283,3261,0
1523,84580.000000,3248,3254,0
1524,84580.000000,3254,3248,0
1525,84600.000000,3218,3279,0
1526,84600.000000,3279,3218,0
1527,84640.000000,3266,3279,0
1528,84640.000000,3279,3266,0
1529,84650.000000,3226,3279,0
1530,84650.000000,3279,3226,0
1531,84677.000000,3268,3283,0
1532,84677.000000,3283,3268,0
1533,84741.000000,3261,3296,0
1534,84741.000000,3296,3261,0
1535,84818.000000,3218,3260,0
1536,84818.000000,3260,3218,0
1537,84841.000000,3268,3296,0
1538,84841.000000,3296,3268,0
1539,84856.000000,3261,3304,0
1540,84856.000000,3304,3261,0
1541,84858.000000,3260,3266,0
1542,84858.000000,3266,3260,0
1543,84858.000000,3279,3283,0
1544,84858.000000,3283,3279,0
1545,84867.000000,3226,3260,0
1546,84867.000000,3260,3226,0
1547,84907.000000,3309,3253,0
1548,84908.000000,3253,3309,0
1549,84956.000000,3268,3304,0
1550,84956.000000,3304,3268,0
1551,85023.000000,3279,3296,0
1552,85023.000000,3296,3279,0
1553,85074.000000,3309,3305,0
1554,85075.000000,3305,3309,0
1555,85076.000000,3260,3283,0
1556,85076.000000,3283,3260,0
1557,85133.000000,3253,3254,0
1558,85133.000000,3254,3253,0
1559,85138.000000,3279,3304,0
1560,85138.000000,3304,3279,0
1561,85303.000000,3254,3305,0
1562,85303.000000,3305,3254,0
1563,85319.000000,3253,3306,0
1564,85319.000000,3306,3253,0
1565,85338.000000,3296,3305,0
1566,85338.000000,3305,3296,0
1567,85349.000000,3253,3271,0
1568,85349.000000,3271,3253,0
1569,85355.000000,3260,3304,0
1570,85355.000000,3304,3260,0
1571,85453.000000,3304,3305,0
1572,85453.000000,3305,3304,0
1573,85476.000000,3304,3306,0
1574,85476.000000,3306,3304,0
1575,85506.000000,3271,3304,0
1576,85506.000000,3304,3271,0
1577,85550.000000,3253,3321,0
1578,85550.000000,3321,3253,0
1579,85571.000000,3254,3288,0
1580,85571.000000,3288,3254,0
1581,85582.000000,3253,3291,0
1582,85582.000000,3291,3253,0
1583,85606.000000,3288,3296,0
1584,85606.000000,3296,3288,0
1585,85696.000000,3254,3330,0
1586,85696.000000,3330,3254,0
1587,85706.000000,3304,3321,0
1588,85706.000000,3321,3304,0
1589,85731.000000,3296,3330,0
1590,85731.000000,3330,3296,0
1591,85738.000000,3291,3304,0
1592,85738.000000,3304,3291,0
1593,85784.000000,3271,3288,0
1594,85784.000000,3288,3271,0
1595,85909.000000,3271,3330,0
1596,85909.000000,3330,3271,0
1597,85911.000000,3305,3300,0
1598,85912.000000,3300,3305,0
1599,85934.000000,3300,3306,0
1600,85934.000000,3306,3300,0
1601,86141.000000,3291,3330,0
1602,86141.000000,3330,3291,0
1603,86147.000000,3271,3399,0
1604,86147.000000,3399,3271,0
1605,86165.000000,3300,3321,0
1606,86165.000000,3321,3300,0
1607,86180.000000,3288,3300,0
1608,86180.000000,3300,3288,0
1609,86305.000000,3300,3330,0
1610,86305.000000,3330,3300,0
1611,86368.000000,3321,3314,0
1612,86369.000000,3314,3321,0
1613,86379.000000,3291,3399,0
1614,86379.000000,3399,3291,0
1615,86383.000000,3288,3314,0
1616,86383.000000,3314,3288,0
1617,86451.000000,3291,3361,0
1618,86451.000000,3361,3291,0
1619,86479.000000,3321,3368,0
1620,86479.000000,3368,3321,0
1621,86494.000000,3288,3368,0
1622,86494.000000,3368,3288,0
1623,86508.000000,3314,3330,0
1624,86508.000000,3330,3314,0
1625,86542.000000,3300,3399,0
1626,86542.000000,3399,3300,0
1627,86614.000000,3300,3361,0
1628,86614.000000,3361,3300,0
1629,86619.000000,3330,3368,0
1630,86619.000000,3368,3330,0
1631,86741.000000,3399,3313,0
1632,86742.000000,3313,3399,0
1633,86759.000000,3313,3314,0
1634,86759.000000,3314,3313,0
1635,86874.000000,3313,3368,0
1636,86874.000000,3368,3313,0
1637,86895.000000,3399,3324,0
1638,86896.000000,3324,3399,0
1639,86916.000000,3314,3324,0
1640,86916.000000,3324,3314,0
1641,86967.000000,3324,3361,0
1642,86967.000000,3361,3324,0
1643,87078.000000,3324,3416,0
1644,87078.000000,3416,3324,0
1645,87178.000000,3313,3438,0
1646,87178.000000,3438,3313,0
1647,87221.000000,3399,3398,0
1648,87222.000000,3398,3399,0
1649,87242.000000,3314,3398,0
1650,87242.000000,3398,3314,0
1651,87293.000000,3361,3398,0
1652,87293.000000,3398,3361,0
1653,87336.000000,3368,3396,0
1654,87336.000000,3396,3368,0
1655,87404.000000,3398,3416,0
1656,87404.000000,3416,3398,0
1657,87588.000000,3368,3418,0
1658,87597.000000,3418,3368,0
1659,87640.000000,3396,3438,0
1660,87640.000000,3438,3396,0
1661,87663.000000,3416,3420,0
1662,87663.000000,3420,3416,0
1663,87892.000000,3418,3438,0
1664,87892.000000,3438,3418,0
1665,87898.000000,3396,3450,0
1666,87898.000000,3450,3396,0
1667,87914.000000,3398,3450,0
1668,87914.000000,3450,3398,0
1669,88005.000000,3396,3457,0
1670,88005.000000,3457,3396,0
1671,88022.000000,3398,3457,0
1672,88022.000000,3457,3398,0
1673,88114.000000,3438,3393,0
1674,88115.000000,3393,3438,0
1675,88115.000000,3393,3394,0
1676,88115.000000,3394,3393,0
1677,88119.000000,3394,3438,0
1678,88119.000000,3438,3394,0
1679,88147.000000,3396,3390,0
1680,88148.000000,3390,3396,0
1681,88163.000000,3390,3398,0
1682,88163.000000,3398,3390,0
1683,88182.000000,3438,3475,0
1684,88182.000000,3475,3438,0
1685,88211.000000,3418,3420,0
1686,88211.000000,3420,3418,0
1687,88248.000000,3450,3427,0
1688,88249.000000,3427,3450,0
1689,88344.000000,3450,3467,0
1690,88344.000000,3467,3450,0
1691,88355.000000,3427,3457,0
1692,88355.000000,3457,3427,0
1693,88433.000000,3393,3420,0
1694,88433.000000,3420,3393,0
1695,88438.000000,3394,3420,0
1696,88438.000000,3420,3394,0
1697,88451.000000,3457,3467,0
1698,88451.000000,3467,3457,0
1699,88501.000000,3420,3475,0
1700,88501.000000,3475,3420,0
1701,88550.000000,3418,3408,0
1702,88551.000000,3408,3418,0
1703,88593.000000,3390,3467,0
1704,88593.000000,3467,3390,0
1705,88621.000000,3390,3393,0
1706,88621.000000,3393,3390,0
1707,88625.000000,3390,3394,0
1708,88625.000000,3394,3390,0
1709,88634.000000,3420,3411,0
1710,88635.000000,3411,3420,0
1711,88649.000000,3408,3427,0
1712,88649.000000,3427,3408,0
1713,88688.000000,3390,3475,0
1714,88688.000000,3475,3390,0
1715,88772.000000,3393,3408,0
1716,88772.000000,3408,3393,0
1717,88790.000000,3418,3510,0
1718,88803.000000,3510,3418,0
1719,88818.000000,3467,3414,0
1720,88819.000000,3414,3467,0
1721,88821.000000,3390,3411,0
1722,88821.000000,3411,3390,0
1723,88850.000000,3394,3414,0
1724,88850.000000,3414,3394,0
1725,88888.000000,3427,3510,0
1726,88888.000000,3510,3427,0
1727,88913.000000,3414,3475,0
1728,88913.000000,3475,3414,0
1729,88932.000000,3457,3517,0
1730,88947.000000,3517,3457,0
1731,88972.000000,3427,3437,0
1732,88972.000000,3437,3427,0
1733,89012.000000,3393,3510,0
1734,89012.000000,3510,3393,0
1735,89052.000000,3411,3414,0
1736,89052.000000,3414,3411,0
1737,89096.000000,3393,3437,0
1738,89096.000000,3437,3393,0
1739,89225.000000,3408,3517,0
1740,89225.000000,3517,3408,0
1741,89226.000000,3414,3510,0
1742,89226.000000,3510,3414,0
1743,89246.000000,3394,3535,0
1744,89261.000000,3535,3394,0
1745,89285.000000,3411,3517,0
1746,89285.000000,3517,3411,0
1747,89309.000000,3475,3535,0
1748,89309.000000,3535,3475,0
1749,89310.000000,3414,3437,0
1750,89310.000000,3437,3414,0
1751,89474.000000,3408,3492,0
1752,89474.000000,3492,3408,0
1753,89533.000000,3411,3492,0
1754,89533.000000,3492,3411,0
1755,89550.000000,3437,3517,0
1756,89550.000000,3517,3437,0
1757,89705.000000,3437,3535,0
1758,89705.000000,3535,3437,0
1759,90008.000000,3437,3513,0
1760,90008.000000,3513,3437,0
1761,90151.000000,3437,3527,0
1762,90152.000000,3527,3437,0
1763,90434.000000,3535,3593,0
1764,90434.000000,3593,3535,0
1765,90523.000000,3492,3546,0
1766,90523.000000,3546,3492,0
1767,90558.000000,3492,3551,0
1768,90558.000000,3551,3492,0
1769,90736.000000,3513,3593,0
1770,90736.000000,3593,3513,0
1771,90757.000000,3527,3477,0
1772,90758.000000,3477,3527,0
1773,90762.000000,3546,3464,0
1774,90763.000000,3464,3546,0
1775,90796.000000,3464,3551,0
1776,90796.000000,3551,3464,0
1777,90821.000000,3477,3536,0
1778,90821.000000,3536,3477,0
1779,90919.000000,3464,3507,0
1780,90919.000000,3507,3464,0
1781,90923.000000,3513,3568,0
1782,90923.000000,3568,3513,0
1783,90938.000000,3464,3563,0
1784,90938.000000,3563,3464,0
1785,90941.000000,3536,3546,0
1786,90941.000000,3546,3536,0
1787,90975.000000,3536,3551,0
1788,90975.000000,3551,3536,0
1789,90981.000000,3513,3516,0
1790,90981.000000,3516,3513,0
1791,91010.000000,3546,3593,0
1792,91010.000000,3593,3546,0
1793,91097.000000,3507,3536,0
1794,91097.000000,3536,3507,0
1795,91117.000000,3536,3563,0
1796,91117.000000,3563,3536,0
1797,91131.000000,3477,3515,0
1798,91131.000000,3515,3477,0
1799,91166.000000,3477,3518,0
1800,91166.000000,3518,3477,0
1801,91253.000000,3515,3593,0
1802,91253.000000,3593,3515,0
1803,91288.000000,3518,3593,0
1804,91288.000000,3593,3518,0
1805,91292.000000,3527,3532,0
1806,91292.000000,3532,3527,0
1807,91332.000000,3477,3538,0
1808,91332.000000,3538,3477,0
1809,91401.000000,3536,3539,0
1810,91401.000000,3539,3536,0
1811,91427.000000,3515,3563,0
1812,91427.000000,3532,3546,0
1813,91427.000000,3546,3532,0
1814,91427.000000,3563,3515,0
1815,91440.000000,3515,3568,0
1816,91440.000000,3568,3515,0
1817,91454.000000,3538,3593,0
1818,91454.000000,3593,3538,0
1819,91461.000000,3518,3563,0
1820,91461.000000,3532,3551,0
1821,91461.000000,3551,3532,0
1822,91461.000000,3563,3518,0
1823,91475.000000,3518,3568,0
1824,91475.000000,3568,3518,0
1825,91498.000000,3515,3516,0
1826,91498.000000,3516,3515,0
1827,91510.000000,3546,3628,0
1828,91510.000000,3628,3546,0
1829,91533.000000,3516,3518,0
1830,91533.000000,3518,3516,0
1831,91544.000000,3551,3628,0
1832,91544.000000,3628,3551,0
1833,91561.000000,3546,3553,0
1834,91561.000000,3553,3546,0
1835,91580.000000,3593,3598,0
1836,91580.000000,3598,3593,0
1837,91584.000000,3507,3532,0
1838,91584.000000,3532,3507,0
1839,91596.000000,3551,3553,0
1840,91596.000000,3553,3551,0
1841,91624.000000,3593,3635,0
1842,91628.000000,3538,3563,0
1843,91628.000000,3563,3538,0
1844,91641.000000,3538,3568,0
1845,91641.000000,3568,3538,0
1846,91641.000000,3635,3593,0
1847,91667.000000,3507,3628,0
1848,91667.000000,3628,3507,0
1849,91674.000000,3515,3587,0
1850,91674.000000,3587,3515,0
1851,91699.000000,3516,3538,0
1852,91699.000000,3538,3516,0
1853,91700.000000,3518,3532,0
1854,91700.000000,3532,3518,0
1855,91718.000000,3507,3553,0
1856,91718.000000,3553,3507,0
1857,91754.000000,3563,3598,0
1858,91754.000000,3598,3563,0
1859,91756.000000,3515,3630,0
1860,91756.000000,3630,3515,0
1861,91767.000000,3568,3598,0
1862,91767.000000,3598,3568,0
1863,91783.000000,3518,3628,0
1864,91783.000000,3628,3518,0
1865,91797.000000,3563,3635,0
1866,91797.000000,3635,3563,0
1867,91811.000000,3568,3635,0
1868,91811.000000,3635,3568,0
1869,91825.000000,3516,3598,0
1870,91825.000000,3598,3516,0
1871,91835.000000,3518,3553,0
1872,91835.000000,3553,3518,0
1873,91849.000000,3532,3587,0
1874,91849.000000,3587,3532,0
1875,91868.000000,3515,3558,0
1876,91868.000000,3558,3515,0
1877,91869.000000,3516,3635,0
1878,91869.000000,3635,3516,0
1879,91912.000000,3538,3539,0
1880,91912.000000,3539,3538,0
1881,91932.000000,3532,3630,0
1882,91932.000000,3630,3532,0
1883,91934.000000,3587,3628,0
1884,91934.000000,3628,3587,0
1885,91970.000000,3539,3628,0
1886,91970.000000,3628,3539,0
1887,91985.000000,3553,3587,0
1888,91985.000000,3587,3553,0
1889,92013.000000,3628,3630,0
1890,92013.000000,3630,3628,0
1891,92022.000000,3539,3553,0
1892,92022.000000,3553,3539,0
1893,92026.000000,3538,3554,0
1894,92026.000000,3554,3538,0
1895,92026.000000,3554,3556,0
1896,92026.000000,3556,3554,0
1897,92028.000000,3515,3572,0
1898,92028.000000,3572,3515,0
1899,92036.000000,3538,3556,0
1900,92036.000000,3556,3538,0
1901,92044.000000,3532,3558,0
1902,92044.000000,3558,3532,0
1903,92083.000000,3598,3630,0
1904,92083.000000,3630,3598,0
1905,92084.000000,3554,3628,0
1906,92084.000000,3628,3554,0
1907,92093.000000,3556,3628,0
1908,92093.000000,3628,3556,0
1909,92126.000000,3630,3635,0
1910,92126.000000,3635,3630,0
1911,92136.000000,3553,3554,0
1912,92136.000000,3554,3553,0
1913,92145.000000,3553,3556,0
1914,92145.000000,3556,3553,0
1915,92150.000000,3554,3598,0
1916,92150.000000,3598,3554,0
1917,92157.000000,3518,3616,0
1918,92165.000000,3616,3518,0
1919,92195.000000,3558,3598,0
1920,92195.000000,3598,3558,0
1921,92203.000000,3554,3558,0
1922,92203.000000,3558,3554,0
1923,92204.000000,3532,3572,0
1924,92204.000000,3572,3532,0
1925,92239.000000,3558,3635,0
1926,92239.000000,3635,3558,0
1927,92307.000000,3587,3616,0
1928,92307.000000,3616,3587,0
1929,92343.000000,3539,3616,0
1930,92343.000000,3616,3539,0
1931,92355.000000,3572,3598,0
1932,92355.000000,3598,3572,0
1933,92363.000000,3554,3572,0
1934,92363.000000,3572,3554,0
1935,92370.000000,3538,3656,0
1936,92370.000000,3656,3538,0
1937,92400.000000,3532,3589,0
1938,92400.000000,3589,3532,0
1939,92428.000000,3628,3656,0
1940,92428.000000,3656,3628,0
1941,92441.000000,3538,3660,0
1942,92441.000000,3660,3538,0
1943,92467.000000,3556,3616,0
1944,92467.000000,3616,3556,0
1945,92480.000000,3553,3656,0
1946,92480.000000,3656,3553,0
1947,92493.000000,3616,3635,0
1948,92493.000000,3635,3616,0
1949,92499.000000,3628,3660,0
1950,92499.000000,3660,3628,0
1951,92550.000000,3553,3660,0
1952,92550.000000,3660,3553,0
1953,92551.000000,3589,3598,0
1954,92551.000000,3598,3589,0
1955,92559.000000,3554,3589,0
1956,92559.000000,3589,3554,0
1957,92974.000000,3589,3660,0
1958,92974.000000,3660,3589,0
1959,93238.000000,3589,3648,0
1960,93238.000000,3648,3589,0
1961,93370.000000,3589,3653,0
1962,93370.000000,3653,3589,0
1963,93454.000000,3660,3623,0
1964,93455.000000,3623,3660,0
1965,93515.000000,3589,3632,0
1966,93515.000000,3632,3589,0
1967,93609.000000,3648,3650,0
1968,93609.000000,3650,3648,0
1969,93692.000000,3648,3621,0
1970,93693.000000,3621,3648,0
1971,93892.000000,3621,3623,0
1972,93892.000000,3623,3621,0
1973,94063.000000,3648,3649,0
1974,94063.000000,3649,3648,0
1975,94254.000000,3650,3655,0
1976,94254.000000,3655,3650,0
1977,94268.000000,3621,3694,0
1978,94268.000000,3694,3621,0
1979,94295.000000,3653,3655,0
1980,94295.000000,3655,3653,0
1981,94364.000000,3623,3655,0
1982,94364.000000,3655,3623,0
1983,94371.000000,3632,3694,0
1984,94371.000000,3694,3632,0
1985,94395.000000,3621,3704,0
1986,94395.000000,3704,3621,0
1987,94498.000000,3632,3704,0
1988,94498.000000,3704,3632,0
1989,94639.000000,3655,3646,0
1990,94640.000000,3646,3655,0
1991,94640.000000,3649,3694,0
1992,94640.000000,3694,3649,0
1993,94678.000000,3632,3749,0
1994,94695.000000,3749,3632,0
1995,94767.000000,3649,3704,0
1996,94767.000000,3704,3649,0
1997,94939.000000,3646,3754,0
1998,94939.000000,3754,3646,0
1999,94947.000000,3649,3749,0
2000,94947.000000,3749,3649,0
2001,94966.000000,3694,3676,0
2002,94967.000000,3676,3694,0
2003,95039.000000,3646,3728,0
2004,95039.000000,3728,3646,0
2005,95220.000000,3694,3760,0
2006,95220.000000,3760,3694,0
2007,95220.000000,3760,3697,0
2008,95221.000000,3697,3760,0
2009,95226.000000,3694,3697,0
2010,95226.000000,3697,3694,0
2011,95276.000000,3676,3749,0
2012,95276.000000,3749,3676,0
2013,95813.000000,3676,3752,0
2014,95813.000000,3752,3676,0
2015,95825.000000,3749,3752,0
2016,95825.000000,3752,3749,0
2017,95887.000000,3752,3754,0
2018,95887.000000,3754,3752,0
2019,95987.000000,3728,3752,0
2020,95987.000000,3752,3728,0
2021,96071.000000,3760,3718,0
2022,96072.000000,3718,3760,0
2023,96077.000000,3697,3718,0
2024,96077.000000,3718,3697,0
2025,96225.000000,3718,3709,0
2026,96226.000000,3709,3718,0
2027,96309.000000,3760,3731,0
2028,96310.000000,3731,3760,0
2029,96315.000000,3697,3731,0
2030,96315.000000,3731,3697,0
2031,96368.000000,3760,3768,0
2032,96369.000000,3718,3752,0
2033,96369.000000,3752,3718,0
2034,96374.000000,3697,3768,0
2035,96377.000000,3768,3697,0
2036,96377.000000,3768,3760,0
2037,96387.000000,3697,3737,0
2038,96404.000000,3737,3697,0
2039,96463.000000,3709,3731,0
2040,96463.000000,3731,3709,0
2041,96522.000000,3709,3768,0
2042,96522.000000,3768,3709,0
2043,96536.000000,3709,3737,0
2044,96536.000000,3737,3709,0
2045,96623.000000,3718,3764,0
2046,96623.000000,3764,3718,0
2047,96652.000000,3718,3766,0
2048,96652.000000,3766,3718,0
2049,96734.000000,3718,3741,0
2050,96734.000000,3741,3718,0
2051,96861.000000,3731,3764,0
2052,96861.000000,3764,3731,0
2053,96890.000000,3731,3766,0
2054,96890.000000,3766,3731,0
2055,96949.000000,3766,3768,0
2056,96949.000000,3768,3766,0
2057,96963.000000,3737,3766,0
2058,96963.000000,3766,3737,0
2059,96972.000000,3731,3741,0
2060,96972.000000,3741,3731,0
2061,97031.000000,3741,3768,0
2062,97031.000000,3768,3741,0
2063,97051.000000,3737,3779,0
2064,97051.000000,3779,3737,0
2065,97098.000000,3741,3779,0
2066,97098.000000,3779,3741,0
2067,97117.000000,3737,3817,0
2068,97117.000000,3817,3737,0
2069,97196.000000,3737,3753,0
2070,97196.000000,3753,3737,0
2071,97277.000000,3766,3793,0
2072,97277.000000,3793,3766,0
2073,97311.000000,3731,3841,0
2074,97311.000000,3841,3731,0
2075,97323.000000,3731,3762,0
2076,97323.000000,3762,3731,0
2077,97359.000000,3741,3793,0
2078,97359.000000,3793,3741,0
2079,97370.000000,3768,3841,0
2080,97370.000000,3841,3768,0
2081,97382.000000,3762,3768,0
2082,97382.000000,3768,3762,0
2083,97431.000000,3793,3817,0
2084,97431.000000,3817,3793,0
2085,97441.000000,3779,3841,0
2086,97441.000000,3841,3779,0
2087,97452.000000,3762,3779,0
2088,97452.000000,3779,3762,0
2089,97510.000000,3737,3769,0
2090,97510.000000,3753,3793,0
2091,97510.000000,3769,3737,0
2092,97510.000000,3793,3753,0
2093,97537.000000,3737,3809,0
2094,97537.000000,3809,3737,0
2095,97700.000000,3741,3822,0
2096,97708.000000,3779,3785,0
2097,97714.000000,3822,3741,0
2098,97719.000000,3785,3779,0
2099,97772.000000,3817,3822,0
2100,97772.000000,3822,3817,0
2101,97824.000000,3769,3793,0
2102,97824.000000,3793,3769,0
2103,97851.000000,3753,3822,0
2104,97851.000000,3793,3809,0
2105,97851.000000,3809,3793,0
2106,97851.000000,3822,3753,0
2107,98039.000000,3822,3841,0
2108,98039.000000,3841,3822,0
2109,98050.000000,3762,3822,0
2110,98050.000000,3822,3762,0
2111,98061.000000,3793,3829,0
2112,98061.000000,3829,3793,0
2113,98167.000000,3769,3785,0
2114,98167.000000,3785,3769,0
2115,98192.000000,3809,3822,0
2116,98192.000000,3822,3809,0
2117,98306.000000,3785,3822,0
2118,98306.000000,3822,3785,0
2119,98427.000000,3822,3792,0
2120,98428.000000,3792,3822,0
2121,98477.000000,3769,3804,0
2122,98477.000000,3804,3769,0
2123,98499.000000,3822,3872,0
2124,98499.000000,3872,3822,0
2125,98500.000000,3769,3847,0
2126,98500.000000,3847,3769,0
2127,98525.000000,3792,3829,0
2128,98525.000000,3829,3792,0
2129,98597.000000,3829,3872,0
2130,98597.000000,3872,3829,0
2131,98617.000000,3769,3896,0
2132,98618.000000,3896,3769,0
2133,98665.000000,3822,3884,0
2134,98665.000000,3884,3822,0
2135,98737.000000,3822,3814,0
2136,98738.000000,3814,3822,0
2137,98763.000000,3829,3884,0
2138,98763.000000,3884,3829,0
2139,98817.000000,3792,3810,0
2140,98817.000000,3810,3792,0
2141,98834.000000,3814,3829,0
2142,98834.000000,3829,3814,0
2143,98851.000000,3822,3825,0
2144,98851.000000,3825,3822,0
2145,98948.000000,3825,3829,0
2146,98948.000000,3829,3825,0
2147,99029.000000,3810,3847,0
2148,99029.000000,3847,3810,0
2149,99036.000000,3792,3831,0
2150,99036.000000,3831,3792,0
2151,99048.000000,3792,3911,0
2152,99048.000000,3911,3792,0
2153,99055.000000,3810,3884,0
2154,99055.000000,3884,3810,0
2155,99059.000000,3829,3869,0
2156,99059.000000,3869,3829,0
2157,99137.000000,3792,3838,0
2158,99137.000000,3838,3792,0
2159,99146.000000,3872,3833,0
2160,99147.000000,3833,3872,0
2161,99147.000000,3833,3919,0
2162,99147.000000,3919,3833,0
2163,99149.000000,3872,3919,0
2164,99149.000000,3919,3872,0
2165,99247.000000,3831,3847,0
2166,99247.000000,3847,3831,0
2167,99260.000000,3847,3911,0
2168,99260.000000,3911,3847,0
2169,99263.000000,3804,3833,0
2170,99263.000000,3833,3804,0
2171,99266.000000,3804,3919,0
2172,99266.000000,3919,3804,0
2173,99273.000000,3831,3884,0
2174,99273.000000,3884,3831,0
2175,99286.000000,3884,3911,0
2176,99286.000000,3911,3884,0
2177,99341.000000,3810,3833,0
2178,99341.000000,3833,3810,0
2179,99343.000000,3810,3919,0
2180,99343.000000,3919,3810,0
2181,99345.000000,3814,3831,0
2182,99345.000000,3831,3814,0
2183,99349.000000,3838,3847,0
2184,99349.000000,3847,3838,0
2185,99357.000000,3814,3911,0
2186,99357.000000,3911,3814,0
2187,99364.000000,3831,3896,0
2188,99364.000000,3896,3831,0
2189,99375.000000,3838,3884,0
2190,99375.000000,3884,3838,0
2191,99376.000000,3896,3911,0
2192,99376.000000,3911,3896,0
2193,99447.000000,3814,3838,0
2194,99447.000000,3838,3814,0
2195,99459.000000,3825,3831,0
2196,99459.000000,3831,3825,0
2197,99466.000000,3838,3896,0
2198,99466.000000,3896,3838,0
2199,99472.000000,3825,3911,0
2200,99472.000000,3911,3825,0
2201,99561.000000,3825,3838,0
2202,99561.000000,3838,3825,0
2203,99570.000000,3831,3869,0
2204,99570.000000,3869,3831,0
2205,99582.000000,3869,3911,0
2206,99582.000000,3911,3869,0
2207,99610.000000,3833,3869,0
2208,99610.000000,3869,3919,0
2209,99610.000000,3869,3833,0
2210,99610.000000,3919,3869,0
2211,99646.000000,3810,3855,0
2212,99646.000000,3855,3810,0
2213,99672.000000,3838,3869,0
2214,99672.000000,3869,3838,0
2215,99756.000000,3831,3849,0
2216,99756.000000,3849,3831,0
2217,99768.000000,3849,3911,0
2218,99768.000000,3911,3849,0
2219,99809.000000,3831,3944,0
2220,99809.000000,3944,3831,0
2221,99821.000000,3911,3944,0
2222,99821.000000,3944,3911,0
2223,99858.000000,3838,3849,0
2224,99858.000000,3849,3838,0
2225,99899.000000,3833,3854,0
2226,99899.000000,3854,3833,0
2227,99902.000000,3854,3919,0
2228,99902.000000,3919,3854,0
2229,99911.000000,3838,3944,0
2230,99911.000000,3944,3838,0
2231,99983.000000,3825,3913,0
2232,99983.000000,3913,3825,0
2233,99998.000000,3825,3974,0
